Id,Item Name,Date,price
20141205,Banana pachabale  1 Kg,05-12-2014,25
20141205,Apple Golden delicious  1 Kg,05-12-2014,0
20141205,Apple Green smith  1 Kg,05-12-2014,240
20141205,Peaches  1 Kg,05-12-2014,234
20141205,Apple hazarath palli 1 Kg,05-12-2014,100
20141205,Pumpkin Japan  1 Kg,05-12-2014,14
20141205,Pumpkin Red  1 Kg,05-12-2014,11
20141205,Pumpkin Ash  1 Kg,05-12-2014,11
20141205,Rampal  1 Kg,05-12-2014,0
20141205,Rose apple  1 Kg,05-12-2014,160
20141205,Pomello/Chakotha  1 Kg,05-12-2014,32
20141205,Cucumber Israle  1 Kg,05-12-2014,38
20141205,Banana cooking R.Banana  1 Kg,05-12-2014,40
20141205,Cucumber Nati  1 Kg,05-12-2014,32
20141205,Cucumber  1 Kg,05-12-2014,22
20141205,Avarebele (F. Beans spok)  1 Kg,05-12-2014,NULL
20141205,Avarekai (Field Beans )  1 Kg,05-12-2014,44
20141205,Mango Neelam  1 Kg,05-12-2014,0
20141205,Mango kalapadu  1 Kg,05-12-2014,0
20141205,Mango mallika  1 Kg,05-12-2014,0
20141205,Mango thotapuri  1 Kg,05-12-2014,44
20141205,Chillies Bajji yagani  1 Kg,05-12-2014,0
20141205,Chilakarive green  1 Kg,05-12-2014,19
20141205,Potato pack  1 Kg,05-12-2014,0
20141205,Cabbage Red  1 Kg,05-12-2014,80
20141205,Cabbage chaina   1 Kg,05-12-2014,94
20141205,Cabbage  1 Kg,05-12-2014,23
20141205,Carrot ooty  1 Kg,05-12-2014,48
20141205,Chillies small (C.B.P)   1 Kg,05-12-2014,46
20141205,Chillies Cleaned  1 Kg,05-12-2014,40
20141205,Kashini (Ganike) Greens  1 Kg,05-12-2014,8
20141205,Cucumber white  1 Kg,05-12-2014,20
20141205,G. nut oil safal deep1 lt,05-12-2014,NULL
20141205,Cluster Beans Bunches  1 Kg,05-12-2014,25
20141205,Papaya nati  1 Kg,05-12-2014,17
20141205,G. nut oil Rice 1 lt,05-12-2014,NULL
20141205,G.nut oil Rice Bron 1 lt,05-12-2014,NULL
20141205,Apple Washington  1 Kg,05-12-2014,212
20141205,Apple Economy  1 Kg,05-12-2014,88
20141205,Kiwi fruit  1 Kg,05-12-2014,415
20141205,Onion samber 1 Kg,05-12-2014,56
20141205,Onion small(Economy)  1 Kg,05-12-2014,24
20141205,Onion Big  1 Kg,05-12-2014,35
20141205,Papaya sola  1 Kg,05-12-2014,32
20141205,Papaya Red lady  1 Kg,05-12-2014,22
20141205,Papaya Taiwan  1 Kg,05-12-2014,22
20141205,Mango  1 Kg,05-12-2014,0
20141205,Sweet corn cleaned  1 Kg,05-12-2014,117
20141205,Brinjal Mlore  1 Kg,05-12-2014,0
20141205,Brinjal Bottle  1 Kg,05-12-2014,40
20141205,Brinjal (R)   1 Kg,05-12-2014,34
20141205,Thogari kai  1 Kg,05-12-2014,34
20141205,Tomoto  1 Kg,05-12-2014,34
20141205,Sweet corn seeds spok  1 Kg,05-12-2014,0
20141205,Mango Raspuri  1 Kg,05-12-2014,0
20141205,Mango Alphans 1 Kg,05-12-2014,0
20141205,Mango Badami  1 Kg,05-12-2014,0
20141205,Gulkan 1/4 kg,05-12-2014,NULL
20141205,Gulkan 1/2 kg,05-12-2014,NULL
20141205,Gulkan 1 kg,05-12-2014,NULL
20141205,G.nut oil Premium1 lt,05-12-2014,NULL
20141205,Ground nut oil 1 lt,05-12-2014,NULL
20141205,G.oil Net rich 500 ml,05-12-2014,NULL
20141205,Rumenia Mango  1 Kg,05-12-2014,NULL
20141205,Apple Chaina Delicious  1 Kg,05-12-2014,NULL
20141205,,05-12-2014,NULL
20141205,Custerd Apple  1 Kg,05-12-2014,34
20141205,Orange South Africa  1 Kg,05-12-2014,138
20141205,Orange malt  1 Kg,05-12-2014,47
20141205,Orange Australia  1 Kg,05-12-2014,138
20141205,Guava Allahabad(Red)  1 Kg,05-12-2014,48
20141205,Guava 1 Kg,05-12-2014,52
20141205,Sponge Gourd 1 Kg,05-12-2014,35
20141205,Chicco(Sapota) 1 Kg,05-12-2014,28
20141205,Sham gadde 1 Kg,05-12-2014,54
20141205,Snake Gourd(S) 1 Kg,05-12-2014,36
20141205,Snake Gourd 1 Kg,05-12-2014,0
20141205,Butter fruit 1 Kg,05-12-2014,80
20141205,Bore fruit 1 Kg,05-12-2014,27
20141205,S.mellon Local (Luck) 1 Kg,05-12-2014,42
20141205,Byladha Hannu 1 Kg,05-12-2014,30
20141205,Maize 1 Kg,05-12-2014,30
20141205,Y.Bananan T.N. 1 Kg,05-12-2014,220
20141205,Greens Sabbakki 1 Kg,05-12-2014,58
20141205,Parvala 1 Kg,05-12-2014,65
20141205,Palak Greens 1 Kg,05-12-2014,44
20141205,Menthya Greens 1 Kg,05-12-2014,51
20141205,Orange Ooty 1 Kg,05-12-2014,0
20141205,Orange Nagpura 1 Kg,05-12-2014,43
20141205,Mango sakkaregutti 1 Kg,05-12-2014,0
20141205,Orange 1 Kg,05-12-2014,0
20141205,Badami 1 Kg,05-12-2014,0
20141205,Dry apricot 1 Kg,05-12-2014,128
20141205,Dates seedless 1 Kg,05-12-2014,0
20141205,Dry dates 1 Kg,05-12-2014,110
20141205,Lime Bijapur 1 Kg,05-12-2014,0
20141205,Lime Local 1 Kg,05-12-2014,64
20141205,Little gourd 1 Kg,05-12-2014,29
20141205,Beans Ring 1 Kg,05-12-2014,0
20141205,Grapes Red globe 1 Kg,05-12-2014,388
20141205,Amla 1 Kg,05-12-2014,40
20141205,Beans Nati 1 Kg,05-12-2014,0
20141205,Beans 1 Kg,05-12-2014,47
20141205,Grapes Dry 250gm ,05-12-2014,NULL
20141205,Grapes Dry 100gm,05-12-2014,NULL
20141205,Rice Bran 5 lt,05-12-2014,NULL
20141205,Tamarind Paste 150 gm,05-12-2014,NULL
20141205,Coconut oil 500 ml,05-12-2014,NULL
20141205,Pepper,05-12-2014,NULL
20141205,Grapes T.S. 1 Kg,05-12-2014,0
20141205,Sungold oil 5 lt packet,05-12-2014,NULL
20141205,Grapes Crimson 1 Kg,05-12-2014,0
20141205,Grapes Krishna sharad 1 Kg,05-12-2014,0
20141205,Straw Berry 1 Kg,05-12-2014,55
20141205,Litchi Taiwan/chaina 1 Kg,05-12-2014,228
20141205,Litchi Local 1 Kg,05-12-2014,264
20141205,Parsley 1 Kg,05-12-2014,94
20141205,Garlic cleaned 1 Kg,05-12-2014,134
20141205,Apple Fuji chaina 1 Kg,05-12-2014,210
20141205,Apple Newzeland 1 Kg,05-12-2014,176
20141205,Peas Ooty 1 Kg,05-12-2014,70
20141205,Apple Australia 1 Kg,05-12-2014,176
20141205,Beet Root 1 Kg,05-12-2014,35
20141205,Peas Dharwad 1 Kg,05-12-2014,0
20141205,Peas Delhi 1 Kg,05-12-2014,72
20141205,Peas local 1 Kg,05-12-2014,120
20141205,Plum Australia 1 Kg,05-12-2014,340
20141205,Plum Ooty 1 Kg,05-12-2014,132
20141205,Pineapple 1 Kg,05-12-2014,36
20141205,Bottle Gourd 1 Kg,05-12-2014,31
20141205,Bitter Gourd 1 Kg,05-12-2014,36
20141205,Yam/S.Root 1 Kg,05-12-2014,28
20110101,Cluster Bean Local 1 Kg,01-01-2011,NULL
20110101,Capsicum 1 Kg,01-01-2011,NULL
20110101,Mango Sendura 1 Kg,01-01-2011,NULL
20110101,Mango Bygan palli 1 Kg,01-01-2011,NULL
20110101,Mango malagova 1 Kg,01-01-2011,NULL
20110101,Mango mallika 1 Kg,01-01-2011,NULL
20110101,Mango thotapuri 1 Kg,01-01-2011,NULL
20110101,Mango kalapadu 1 Kg,01-01-2011,NULL
20110101,Mango Neelam 1 Kg,01-01-2011,NULL
20110101,Mango Dasheri 1 Kg,01-01-2011,NULL
20110101,Mango Langada 1 Kg,01-01-2011,NULL
20110101,Mango Kesar 1 Kg,01-01-2011,NULL
20110101,Mango Amarpalli 1 Kg,01-01-2011,NULL
20110101,Mango rathnagiri(red) 1 Kg,01-01-2011,NULL
20110101,Mango Alphans box 1 Kg,01-01-2011,NULL
20110101,Mango sakkaregutti 1 Kg,01-01-2011,NULL
20110101,Orange 1 Kg,01-01-2011,NULL
20110101,Orange Nagpura 1 Kg,01-01-2011,NULL
20110101,Orange Ooty 1 Kg,01-01-2011,NULL
20110101,Orange Australia 1 Kg,01-01-2011,NULL
20110101,Tomoto 1 Kg,01-01-2011,NULL
20110101,Thogari kai 1 Kg,01-01-2011,NULL
20110101,Mango Raw Amblet 1 Kg,01-01-2011,NULL
20110101,Mango Raw 1 Kg,01-01-2011,NULL
20110101,Capsicum 1,01-01-2011,NULL
20110101,Capsicum Red/Yellow 1 Kg,01-01-2011,NULL
20110101,Chillies Green 1 Kg,01-01-2011,NULL
20110101,Chillies Bajji 1 Kg,01-01-2011,NULL
20110101,Chillies Cleaned  1 Kg,01-01-2011,NULL
20110101,Chillies small (C.B.P) 1 Kg,01-01-2011,NULL
20110101,Carrot ooty 1 Kg,01-01-2011,NULL
20110101,Carrot Delhi 1 Kg,01-01-2011,NULL
20110101,Carrot Nati 1 Kg,01-01-2011,NULL
20110101,Cowpea Local 1 Kg,01-01-2011,NULL
20110101,Cowpea Long 1 Kg,01-01-2011,NULL
20110101,Coconut (B) 1 Kg,01-01-2011,NULL
20110101,Coconut (M) 1 Kg,01-01-2011,NULL
20110101,Coconut (S) 1 Kg,01-01-2011,NULL
20110101,Coconut (OS) 1 Kg,01-01-2011,NULL
20110101,Cabbage 1 Kg,01-01-2011,NULL
20110101,Cabbage Red 1 Kg,01-01-2011,NULL
20110101,Cabbage chaina 1 Kg,01-01-2011,NULL
20110101,Cauliflower(B) 1 Kg,01-01-2011,NULL
20110101,Copra 1 Kg,01-01-2011,NULL
20110101,Honney 1/2,01-01-2011,NULL
20110101,Honney 1 Kg,01-01-2011,NULL
20110101,Honney 200 gm,01-01-2011,NULL
20110101,Honney 100 gm,01-01-2011,NULL
20110101,Gulkan 1 kg,01-01-2011,NULL
20110101,Gulkan 1/2 kg,01-01-2011,NULL
20110101,Gulkan 1/4 kg,01-01-2011,NULL
20110101,Cluster Beans Bunches 1 Kg,01-01-2011,NULL
20110101,Cucumber white 1 Kg,01-01-2011,NULL
20110101,Kashini (Ganike) Greens 1 Kg,01-01-2011,NULL
20110101,Sweet corn seeds 1 Kg,01-01-2011,NULL
20110101,Bale hoovu(B.flower) 1 Kg,01-01-2011,NULL
20110101,Banana cooking R.Banana 1 Kg,01-01-2011,NULL
20110101,Avarekai (Field Beans ) 1 Kg,01-01-2011,NULL
20110101,Grapes T.S. 1 Kg,01-01-2011,NULL
20110101,Herali kai 1 Kg,01-01-2011,NULL
20110101,Ladys finger 1 Kg,01-01-2011,NULL
20110101,Little gourd 1 Kg,01-01-2011,NULL
20110101,Lime Local 1 Kg,01-01-2011,NULL
20110101,Grapes Red globe 1 Kg,01-01-2011,NULL
20110101,Grapes Dry 250gm 1 Kg,01-01-2011,NULL
20110101,Grapes Dry 100gm 1 Kg,01-01-2011,NULL
20110101,Lime Bijapur 1 Kg,01-01-2011,NULL
20110101,Mushroom Button 1 Kg,01-01-2011,NULL
20110101,Mushroom Milky 1 Kg,01-01-2011,NULL
20110101,Cauliflower(M) 1 Kg,01-01-2011,NULL
20110101,Cauliflower(S) 1 Kg,01-01-2011,NULL
20110101,Cauliflower per Kg,01-01-2011,NULL
20110101,Cherry Tomoto 1 Kg,01-01-2011,NULL
20110101,Drumstik 1 Kg,01-01-2011,NULL
20110101,Double Beans seeds 1 Kg,01-01-2011,NULL
20110101,Double Beans 1 Kg,01-01-2011,NULL
20110101,Ground nut Local 1 Kg,01-01-2011,NULL
20110101,Ground nut Hybrid 1 Kg,01-01-2011,NULL
20110101,Ginger 1 Kg,01-01-2011,NULL
20110101,Ginger New 1 Kg,01-01-2011,NULL
20110101,Chikadi kai 1 Kg,01-01-2011,NULL
20110101,knol-khol 1 Kg,01-01-2011,NULL
20110101,Arive greens 1 Kg,01-01-2011,NULL
20110101,Eggs for 1,01-01-2011,NULL
20110101,Chakota greens 1 Kg,01-01-2011,NULL
20110101,Onion pack 1 Kg,01-01-2011,NULL
20110101,Potato pack 1 Kg,01-01-2011,NULL
20110101,Chilakarive green 1 Kg,01-01-2011,NULL
20110101,Chillies Bajji yagani 1 Kg,01-01-2011,NULL
20110101,Baby corn 1 Kg,01-01-2011,NULL
20110101,Baby corn cleaned 1 Kg,01-01-2011,NULL
20110101,Berry Southafrica 1 Kg,01-01-2011,NULL
20110101,Berry Golden 1 Kg,01-01-2011,NULL
20110101,Berry ball 1 Kg,01-01-2011,NULL
20110101,Berry Green 1 Kg,01-01-2011,NULL
20110101,Apple Premium 1 Kg,01-01-2011,NULL
20110101,Malenian apple 1 Kg,01-01-2011,NULL
20110101,Nagapur Orange Economy 1 Kg,01-01-2011,NULL
20110101,South Af.red berry 1 Kg,01-01-2011,NULL
20110101,Amla 1 Kg,01-01-2011,NULL
20110101,Beans 1 Kg,01-01-2011,NULL
20110101,Beans Nati 1 Kg,01-01-2011,NULL
20110101,Beans Ring 1 Kg,01-01-2011,NULL
20110101,Beans Fruit 1 Kg,01-01-2011,NULL
20110101,Beans cleaned 1 Kg,01-01-2011,NULL
20110101,Brinjal long 1 Kg,01-01-2011,NULL
20110101,Brinjal (W) 1 Kg,01-01-2011,NULL
20110101,Brinjal (R) 1 Kg,01-01-2011,NULL
20110101,Brinjal Bottle 1 Kg,01-01-2011,NULL
20110101,Brinjal Mlore 1 Kg,01-01-2011,NULL
20110101,Beet Root 1 Kg,01-01-2011,NULL
20110101,Yam/S.Root 1 Kg,01-01-2011,NULL
20110101,Bitter Gourd 1 Kg,01-01-2011,NULL
20110101,Mint Leaves 1 Kg,01-01-2011,NULL
20110101,Menthya Greens 1 Kg,01-01-2011,NULL
20110101,Palak Greens 1 Kg,01-01-2011,NULL
20110101,Apple Delicious 1 Kg,01-01-2011,NULL
20110101,Apple Simla 1 Kg,01-01-2011,NULL
20110101,Apple Economy 1 Kg,01-01-2011,NULL
20110101,Apple Washington 1 Kg,01-01-2011,NULL
20110101,Apple Australia 1 Kg,01-01-2011,NULL
20110101,Apple Newzeland 1 Kg,01-01-2011,NULL
20110101,Apple Fuji chaina 1 Kg,01-01-2011,NULL
20110101,Apple hazarath palli 1 Kg,01-01-2011,NULL
20110101,Apple Green smith 1 Kg,01-01-2011,NULL
20110101,Apple Golden delicious,01-01-2011,NULL
20110101,Banana pachabale,01-01-2011,NULL
20110101,Banana Yellaki,01-01-2011,NULL
20110101,Banana chandra,01-01-2011,NULL
20110101,Banana Nendra,01-01-2011,NULL
20110101,Banana karpura,01-01-2011,NULL
20110101,Banana Rasabale,01-01-2011,NULL
20110101,Chicco(Sapota) rapined,01-01-2011,NULL
20110101,Custerd Apple,01-01-2011,NULL
20110101,Chicco(Sapota),01-01-2011,NULL
20110101,Guava,01-01-2011,NULL
20110101,Guava Allahabad(Red),01-01-2011,NULL
20110101,Grapes Blore blue,01-01-2011,NULL
20110101,Orange malt,01-01-2011,NULL
20110101,Orange South Africa,01-01-2011,NULL
20110101,Peas Dharwad,01-01-2011,NULL
20110101,Peas Ooty,01-01-2011,NULL
20110101,Pumpkin Ash,01-01-2011,NULL
20110101,Pumpkin Red,01-01-2011,NULL
20110101,Pumpkin Japan,01-01-2011,NULL
20110101,Potato(M),01-01-2011,NULL
20110101,Potato(B),01-01-2011,NULL
20110101,Potato(S),01-01-2011,NULL
20110101,Potato Baby,01-01-2011,NULL
20110101,Sweet Potato(Genasu),01-01-2011,NULL
20110101,Raddish,01-01-2011,NULL
20110101,Raddish Red,01-01-2011,NULL
20110101,Sponge Gourd,01-01-2011,32
20110101,Snake Gourd,01-01-2011,NULL
20110101,Snake Gourd(S),01-01-2011,NULL
20110101,Sham gadde,01-01-2011,NULL
20110101,Spring Onion,01-01-2011,NULL
20110101,Spring Onion(Cleaned),01-01-2011,NULL
20110101,Parvala,01-01-2011,NULL
20110101,Greens Sabbakki,01-01-2011,NULL
20110101,Molake kalu,01-01-2011,NULL
20110101,Hesaru kalu,01-01-2011,NULL
20110101,GrapesAnabi shahi,01-01-2011,NULL
20110101,Grapes Dilkush,01-01-2011,NULL
20110101,Grapes Sharad,01-01-2011,NULL
20110101,Grapes Rose,01-01-2011,NULL
20110101,Grapes Sonika,01-01-2011,NULL
20110101,Grapes Flame,01-01-2011,NULL
20110101,Grapes Krishna sharad,01-01-2011,NULL
20110101,Grapes Crimson,01-01-2011,NULL
20110101,Komark fruit,01-01-2011,NULL
20110101,Kiwi fruit,01-01-2011,NULL
20110101,Litchi Local,01-01-2011,NULL
20110101,Litchi Taiwan/chaina,01-01-2011,NULL
20110101,Straw Berry,01-01-2011,NULL
20110101,Tender Coconut,01-01-2011,NULL
20110101,Tender Coconut(M),01-01-2011,NULL
20110101,Tamrind Chatisghar,01-01-2011,NULL
20110101,Tamarind seedless,01-01-2011,NULL
20110101,Thinda,01-01-2011,NULL
20110101,Dates Arebian,01-01-2011,NULL
20110101,Pista,01-01-2011,NULL
20110101,Tender Coconut(S),01-01-2011,NULL
20110101,Tender Coco packed,01-01-2011,NULL
20110101,Fruit Juice Tailand,01-01-2011,NULL
20110101,G.oil Net rich 500 ml,01-01-2011,NULL
20110101,Ground nut oil 1 lt,01-01-2011,NULL
20110101,G.nut oil Premium1 lt,01-01-2011,NULL
20110101,G.nut oil Rice Bron 1 lt,01-01-2011,NULL
20110102,Chocolates Drink box,02-01-2011,NULL
20110102,Fanda,02-01-2011,NULL
20110102,Jam 100 gm,02-01-2011,NULL
20110102,Jam 200 gm,02-01-2011,NULL
20110102,Jam 1/2 kg,02-01-2011,NULL
20110102,Jam 1 kg,02-01-2011,NULL
20110102,Coconut oil 500 ml,02-01-2011,NULL
20110102,Stevia powder,02-01-2011,NULL
20110102,Pepper,02-01-2011,NULL
20110102,Sungold oil 5 lt packet,02-01-2011,NULL
20110102,Sun safal Tin 15 lt,02-01-2011,NULL
20110102,Tamarind Paste 450 gm,02-01-2011,NULL
20110102,Safal deep 500 ml,02-01-2011,NULL
20110102,Ground nut oil 5 lt,02-01-2011,NULL
20110102,Sungold oil 5 lt,02-01-2011,NULL
20110102,Rice Bran 5 lt,02-01-2011,NULL
20110102,Tamarind Paste 150 gm,02-01-2011,NULL
20110102,Washington red apple,02-01-2011,NULL
20110102,Indian red globe,02-01-2011,NULL
20110102,Apple Chilli,02-01-2011,NULL
20110102,Bread fruit,02-01-2011,NULL
20110102,Peas seeds,02-01-2011,NULL
20110102,Anjura/Fig,02-01-2011,NULL
20110102,Butter fruit,02-01-2011,NULL
20110102,Bore fruit,02-01-2011,NULL
20110102,S.mellon Local (Luck),02-01-2011,NULL
20110102,S.mellon namdhari (Red),02-01-2011,NULL
20110102,Mosambi polo,02-01-2011,NULL
20110102,Rumenia Mango,02-01-2011,NULL
20110102,Apple Chaina Delicious,02-01-2011,NULL
20110102,,02-01-2011,NULL
20110102,,02-01-2011,NULL
20110102,,02-01-2011,NULL
20110102,Chilles small cleaned (C.B.P),02-01-2011,NULL
20110102,Washington gala apple,02-01-2011,NULL
20110102,Times Rose berry,02-01-2011,NULL
20110102,Grapesh Tash ganesh,02-01-2011,NULL
20110102,Chikkadikai cleaned,02-01-2011,NULL
20110102,Orange juice,02-01-2011,NULL
20110102,Thiland Jelly,02-01-2011,NULL
20110102,Thiland Juice,02-01-2011,NULL
20110102,Pineapple juice,02-01-2011,NULL
20110102,Kashini greens,02-01-2011,NULL
20110102,Mosambi,02-01-2011,NULL
20110102,S.mellon namdhari,02-01-2011,NULL
20110102,Watermellon kiran,02-01-2011,NULL
20110102,Watermellon,02-01-2011,NULL
20110102,Tamarind sweet 500gm,02-01-2011,NULL
20110102,Rampal,02-01-2011,NULL
20110102,Rose apple,02-01-2011,NULL
20110102,Pomello/Chakotha,02-01-2011,NULL
20110102,Peaches,02-01-2011,NULL
20110102,Plum Australia,02-01-2011,NULL
20110102,Plum Ooty,02-01-2011,NULL
20110102,Pineapple,02-01-2011,NULL
20110102,Papaya sola,02-01-2011,NULL
20110102,Papaya Red lady,02-01-2011,NULL
20110102,Papaya Taiwan,02-01-2011,NULL
20110102,Papaya nati,02-01-2011,NULL
20110102,Pomegranate Ganesh,02-01-2011,NULL
20110102,Pomegranate A.raktha,02-01-2011,NULL
20110102,Pomegranate Bhagav,02-01-2011,NULL
20110102,Pomegranate,02-01-2011,NULL
20110102,Ginger ooty,02-01-2011,NULL
20110102,Dhantu greens,02-01-2011,NULL
20110102,Curry leave,02-01-2011,NULL
20110102,Corriander Leave,02-01-2011,NULL
20110102,Kakadi,02-01-2011,NULL
20110102,Pickles mixed veg,02-01-2011,NULL
20110102,mango Pickles,02-01-2011,NULL
20110102,Lime Pickles,02-01-2011,NULL
20110102,Pickles,02-01-2011,NULL
20110102,Rice Bran 15 lt Tin,02-01-2011,NULL
20110102,G. nut sungold 1 lt,02-01-2011,NULL
20110102,G. nut Golden oil 1 lt,02-01-2011,NULL
20110102,G. nut oil safal deep1 lt,02-01-2011,NULL
20110102,G. nut oil Rice 1 lt,02-01-2011,NULL
20110102,Apple juice,02-01-2011,NULL
20110102,Litchi Juice,02-01-2011,NULL
20110102,Parsley,02-01-2011,NULL
20110102,Leeks,02-01-2011,NULL
20110102,Selari,02-01-2011,NULL
20110102,South Africa Gala apple,02-01-2011,NULL
20110102,Indian kinora apple,02-01-2011,NULL
20110102,Chikkadikai Round,02-01-2011,NULL
20110102,Mineral water 1 lt,02-01-2011,NULL
20110102,Net rich 5 lt oil,02-01-2011,NULL
20110102,Byladha Hannu,02-01-2011,NULL
20110102,Maize,02-01-2011,NULL
20110102,Y.Bananan T.N.,02-01-2011,NULL
20110102,Chain Berry,02-01-2011,NULL
20110102,Onion flowers,02-01-2011,NULL
20110102,Letteus Greens,02-01-2011,NULL
20110102,Basale Greens,02-01-2011,NULL
20110102,BaleDindu (Banana stem),02-01-2011,NULL
20110102,Batani kalu,02-01-2011,NULL
20110102,Sweet corn seeds spok,02-01-2011,NULL
20110102,Sweet corn cleaned,02-01-2011,NULL
20110102,Sweet corn,02-01-2011,NULL
20110102,Orange Australia,02-01-2011,NULL
20110102,Orange Ooty,02-01-2011,NULL
20110102,Orange Nagpura,02-01-2011,NULL
20110102,Orange,02-01-2011,NULL
20110102,Mango sakkaregutti,02-01-2011,NULL
20110102,Mango Alphans box,02-01-2011,NULL
20110102,Mango rathnagiri(red),02-01-2011,NULL
20110102,Mango Amarpalli,02-01-2011,NULL
20110102,Mango Kesar,02-01-2011,NULL
20110102,Mango Langada,02-01-2011,NULL
20110102,Mango Dasheri,02-01-2011,NULL
20110102,Mango Neelam,02-01-2011,NULL
20110102,Mango kalapadu,02-01-2011,NULL
20110102,Mango thotapuri,02-01-2011,NULL
20110102,Mango mallika,02-01-2011,NULL
20110102,Mango malagova,02-01-2011,NULL
20110102,Mango Bygan palli,02-01-2011,NULL
20110102,Mango Sendura,02-01-2011,NULL
20110102,Capsicum,02-01-2011,NULL
20110102,Cluster Bean Local,02-01-2011,NULL
20110102,Mangalore cucumber,02-01-2011,NULL
20110102,Cucumber Ooty,02-01-2011,NULL
20110102,Cucumber Israle,02-01-2011,NULL
20110102,Cucumber Nati,02-01-2011,NULL
20110102,Cucumber,02-01-2011,NULL
20110102,Chow-Chow,02-01-2011,NULL
20110102,Bottle Gourd,02-01-2011,NULL
20110102,Jambo fruit(Nerale),02-01-2011,NULL
20110102,Dry fruit mixed,02-01-2011,NULL
20110102,Badami,02-01-2011,NULL
20110102,Dry apricot,02-01-2011,NULL
20110102,Dates seedless,02-01-2011,NULL
20110102,Dry dates,02-01-2011,NULL
20110102,Dates,02-01-2011,NULL
20110102,Cashew nut,02-01-2011,NULL
20110102,Cherry kashmir,02-01-2011,NULL
20110102,Cherry fruit,02-01-2011,NULL
20110102,Ber fruit/Bore fruit,02-01-2011,NULL
20110102,Berry Delhi,02-01-2011,NULL
20110102,Berry Soft,02-01-2011,NULL
20110102,Berry fruit Ooty,02-01-2011,NULL
20110102,Peas Delhi,02-01-2011,NULL
20110102,Peas local,02-01-2011,NULL
20110102,Onion samber,02-01-2011,NULL
20110102,Mango Raspuri,02-01-2011,NULL
20110102,Onion small(Economy),02-01-2011,NULL
20110102,Mango Alphans,02-01-2011,NULL
20110102,Mango Badami,02-01-2011,NULL
20110102,Mango,02-01-2011,NULL
20110102,Papaya red indian,02-01-2011,NULL
20110102,Indian Black globe Grapes,02-01-2011,NULL
20110102,Jack fruit,02-01-2011,NULL
20110102,Onion Big,02-01-2011,NULL
20110102,Onion medium,02-01-2011,NULL
20110102,Mushroom Oyster,02-01-2011,NULL
20110102,Brucoli,02-01-2011,NULL
20110102,Avare seed (FB seeds),02-01-2011,NULL
20110102,Avarebele (F. Beans spok),02-01-2011,NULL
20110102,Bale hoovu(B.flower),02-01-2011,NULL
20110102,Sweet corn seeds,02-01-2011,NULL
20110102,Kashini (Ganike) Greens,02-01-2011,NULL
20110102,Cucumber white,02-01-2011,NULL
20110102,Cluster Beans Bunches,02-01-2011,NULL
20110102,Gulkan 1/4 kg,02-01-2011,NULL
20110102,Gulkan 1/2 kg,02-01-2011,NULL
20110102,Gulkan 1 kg,02-01-2011,NULL
20110102,Honney 100 gm,02-01-2011,NULL
20110102,Honney 200 gm,02-01-2011,NULL
20110102,Honney 1 Kg,02-01-2011,NULL
20110102,Honney 1/2,02-01-2011,NULL
20110102,Copra,02-01-2011,NULL
20110102,Cauliflower(B),02-01-2011,NULL
20110102,Cabbage chaina,02-01-2011,NULL
20110102,Cabbage Red,02-01-2011,NULL
20110102,Cabbage,02-01-2011,NULL
20110102,Coconut (OS),02-01-2011,NULL
20110102,Coconut (S),02-01-2011,NULL
20110102,Coconut (M),02-01-2011,NULL
20110102,Coconut (B),02-01-2011,NULL
20110102,Cowpea Long,02-01-2011,NULL
20110102,Cowpea Local,02-01-2011,NULL
20110102,Carrot Nati,02-01-2011,NULL
20110102,Carrot Delhi,02-01-2011,NULL
20110102,Carrot ooty,02-01-2011,NULL
20110102,Chillies small (C.B.P),02-01-2011,NULL
20110102,Chillies Cleaned,02-01-2011,NULL
20110102,Chillies Bajji,02-01-2011,NULL
20110102,Chillies Green,02-01-2011,NULL
20110102,Capsicum Red/Yellow,02-01-2011,NULL
20110102,Capsicum 1,02-01-2011,NULL
20110102,Mango Raw,02-01-2011,NULL
20110102,Mango Raw Amblet,02-01-2011,NULL
20110102,Thogari kai,02-01-2011,NULL
20110102,Tomoto,02-01-2011,NULL
20110102,Bitter Gourd,02-01-2011,NULL
20110102,Yam/S.Root,02-01-2011,NULL
20110102,Beet Root,02-01-2011,NULL
20110102,Brinjal Mlore,02-01-2011,NULL
20110102,Brinjal Bottle,02-01-2011,NULL
20110102,Brinjal (R),02-01-2011,NULL
20110102,Brinjal (W),02-01-2011,NULL
20110102,Brinjal long,02-01-2011,NULL
20110102,Beans cleaned,02-01-2011,NULL
20110102,Beans Fruit,02-01-2011,NULL
20110102,Beans Ring,02-01-2011,NULL
20110102,Beans Nati,02-01-2011,NULL
20110102,Beans,02-01-2011,NULL
20110102,Amla,02-01-2011,NULL
20110102,N.Juice 200 ml,02-01-2011,NULL
20110102,Pomegranate Juice,02-01-2011,NULL
20110102,Brahmi amla juice,02-01-2011,NULL
20110102,Jumbu juice,02-01-2011,NULL
20110102,South Af.red berry,02-01-2011,NULL
20110102,Nagapur Orange Economy,02-01-2011,NULL
20110102,Malenian apple,02-01-2011,NULL
20110102,Apple Premium,02-01-2011,NULL
20110102,Berry Green,02-01-2011,NULL
20110102,Berry ball,02-01-2011,NULL
20110102,Berry Golden,02-01-2011,NULL
20110102,Berry Southafrica,02-01-2011,NULL
20110102,Baby corn cleaned,02-01-2011,NULL
20110102,Baby corn,02-01-2011,NULL
20110102,Chillies Bajji yagani,02-01-2011,NULL
20110102,Chilakarive green,02-01-2011,NULL
20110102,Potato pack,02-01-2011,NULL
20110102,Onion pack,02-01-2011,NULL
20110102,Chakota greens,02-01-2011,NULL
20110102,Eggs,02-01-2011,NULL
20110102,Arive greens,02-01-2011,NULL
20110102,knol-khol,02-01-2011,NULL
20110102,Chikadi kai,02-01-2011,NULL
20110102,Garlic cleaned,02-01-2011,NULL
20110102,Garlic,02-01-2011,NULL
20110102,Ginger New,02-01-2011,NULL
20110102,Ginger,02-01-2011,NULL
20110102,Ground nut Hybrid,02-01-2011,NULL
20110102,Ground nut Local,02-01-2011,NULL
20110102,Double Beans,02-01-2011,NULL
20110102,Double Beans seeds,02-01-2011,NULL
20110102,Drumstik,02-01-2011,NULL
20110102,Cherry Tomoto,02-01-2011,NULL
20110102,Cauliflower per Kg,02-01-2011,NULL
20110102,Cauliflower(S),02-01-2011,NULL
20110102,Cauliflower(M),02-01-2011,NULL
20110102,Mushroom Milky,02-01-2011,NULL
20110102,Mushroom Button,02-01-2011,NULL
20110102,Lime Bijapur,02-01-2011,NULL
20110102,Grapes Dry 100gm,02-01-2011,NULL
20110102,Grapes Dry 250gm,02-01-2011,NULL
20110102,Grapes Red globe,02-01-2011,NULL
20110102,Lime Local,02-01-2011,NULL
20110102,Little gourd,02-01-2011,NULL
20110102,Ladys finger,02-01-2011,NULL
20110102,Herali kai,02-01-2011,NULL
20110102,Grapes T.S.,02-01-2011,NULL
20110102,Avarekai (Field Beans ),02-01-2011,NULL
20110102,Banana cooking R.Banana,02-01-2011,NULL
20110102,Jukani,02-01-2011,NULL
20110102,Sham gadde,02-01-2011,NULL
20110102,Snake Gourd(S),02-01-2011,NULL
20110102,Snake Gourd,02-01-2011,NULL
20110102,Sponge Gourd,02-01-2011,NULL
20110102,Raddish Red,02-01-2011,NULL
20110102,Raddish,02-01-2011,NULL
20110102,Sweet Potato(Genasu),02-01-2011,NULL
20110102,Potato Baby,02-01-2011,NULL
20110102,Potato(S),02-01-2011,NULL
20110102,Potato(B),02-01-2011,NULL
20110102,Potato(M),02-01-2011,NULL
20110102,Pumpkin Japan,02-01-2011,NULL
20110102,Pumpkin Red,02-01-2011,NULL
20110102,Pumpkin Ash,02-01-2011,NULL
20110102,Peas Ooty,02-01-2011,NULL
20110102,Peas Dharwad,02-01-2011,NULL
20110102,Orange South Africa,02-01-2011,NULL
20110102,Orange malt,02-01-2011,NULL
20110102,Grapes Blore blue,02-01-2011,NULL
20110102,Guava Allahabad(Red),02-01-2011,NULL
20110102,Guava,02-01-2011,NULL
20110102,Chicco(Sapota),02-01-2011,NULL
20110102,Custerd Apple,02-01-2011,NULL
20110102,Chicco(Sapota) rapined,02-01-2011,NULL
20110102,Banana Rasabale,02-01-2011,NULL
20110102,Banana karpura,02-01-2011,NULL
20110102,Banana Nendra,02-01-2011,NULL
20110102,Banana chandra,02-01-2011,NULL
20110102,Banana Yellaki,02-01-2011,NULL
20110102,Banana pachabale,02-01-2011,NULL
20110102,Apple Golden delicious,02-01-2011,NULL
20110102,Apple Green smith,02-01-2011,NULL
20110102,Apple hazarath palli,02-01-2011,NULL
20110102,Apple Fuji chaina,02-01-2011,NULL
20110102,Apple Newzeland,02-01-2011,NULL
20110102,Apple Australia,02-01-2011,NULL
20110102,Apple Washington,02-01-2011,NULL
20110102,Apple Economy,02-01-2011,NULL
20110102,Apple Simla,02-01-2011,NULL
20110102,Apple Delicious,02-01-2011,NULL
20110102,Palak Greens,02-01-2011,NULL
20110102,Menthya Greens,02-01-2011,NULL
20110102,Mint Leaves,02-01-2011,NULL
20110102,G.nut oil Rice Bron 1 lt,02-01-2011,NULL
20110102,G.nut oil Premium1 lt,02-01-2011,NULL
20110102,Ground nut oil 1 lt,02-01-2011,NULL
20110102,G.oil Net rich 500 ml,02-01-2011,NULL
20110102,Fruit Juice Tailand,02-01-2011,NULL
20110102,Tender Coco packed,02-01-2011,NULL
20110102,Tender Coconut(S),02-01-2011,NULL
20110102,Pista,02-01-2011,NULL
20110102,Dates Arebian,02-01-2011,NULL
20110102,Thinda,02-01-2011,NULL
20110102,Tamarind seedless,02-01-2011,NULL
20110102,Tamrind Chatisghar,02-01-2011,NULL
20110102,Tender Coconut(M),02-01-2011,NULL
20110102,Tender Coconut,02-01-2011,NULL
20110102,Straw Berry,02-01-2011,NULL
20110102,Litchi Taiwan/chaina,02-01-2011,NULL
20110102,Litchi Local,02-01-2011,NULL
20110102,Kiwi fruit,02-01-2011,NULL
20110102,Komark fruit,02-01-2011,NULL
20110102,Grapes Crimson,02-01-2011,NULL
20110102,Grapes Krishna sharad,02-01-2011,NULL
20110102,Grapes Flame,02-01-2011,NULL
20110102,Grapes Sonika,02-01-2011,NULL
20110102,Grapes Rose,02-01-2011,NULL
20110102,Grapes Sharad,02-01-2011,NULL
20110102,Grapes Dilkush,02-01-2011,NULL
20110102,GrapesAnabi shahi,02-01-2011,NULL
20110102,Hesaru kalu,02-01-2011,NULL
20110102,Molake kalu,02-01-2011,NULL
20110102,Greens Sabbakki,02-01-2011,NULL
20110102,Parvala,02-01-2011,NULL
20110102,Spring Onion(Cleaned),02-01-2011,NULL
20110102,Spring Onion,02-01-2011,NULL
20110103,Kashini greens,03-01-2011,NULL
20110103,Pineapple juice,03-01-2011,NULL
20110103,Thiland Juice,03-01-2011,NULL
20110103,Thiland Jelly,03-01-2011,NULL
20110103,Orange juice,03-01-2011,NULL
20110103,Chikkadikai cleaned,03-01-2011,NULL
20110103,Grapesh Tash ganesh,03-01-2011,NULL
20110103,Times Rose berry,03-01-2011,NULL
20110103,Washington gala apple,03-01-2011,NULL
20110103,Chilles small cleaned (C.B.P),03-01-2011,NULL
20110103,,03-01-2011,NULL
20110103,,03-01-2011,NULL
20110103,,03-01-2011,NULL
20110103,Apple Chaina Delicious,03-01-2011,NULL
20110103,Rumenia Mango,03-01-2011,NULL
20110103,Mosambi polo,03-01-2011,NULL
20110103,S.mellon namdhari (Red),03-01-2011,NULL
20110103,S.mellon Local (Luck),03-01-2011,NULL
20110103,Bore fruit,03-01-2011,NULL
20110103,Butter fruit,03-01-2011,NULL
20110103,Anjura/Fig,03-01-2011,NULL
20110103,Peas seeds,03-01-2011,NULL
20110103,Bread fruit,03-01-2011,NULL
20110103,Apple Chilli,03-01-2011,NULL
20110103,Indian red globe,03-01-2011,NULL
20110103,Washington red apple,03-01-2011,NULL
20110103,Tamarind Paste 150 gm,03-01-2011,NULL
20110103,Rice Bran 5 lt,03-01-2011,NULL
20110103,Sungold oil 5 lt,03-01-2011,NULL
20110103,Ground nut oil 5 lt,03-01-2011,NULL
20110103,Safal deep 500 ml,03-01-2011,NULL
20110103,Tamarind Paste 450 gm,03-01-2011,NULL
20110103,Sun safal Tin 15 lt,03-01-2011,NULL
20110103,Sungold oil 5 lt packet,03-01-2011,NULL
20110103,Pepper,03-01-2011,NULL
20110103,Stevia powder,03-01-2011,NULL
20110103,Coconut oil 500 ml,03-01-2011,NULL
20110103,Jam 1 kg,03-01-2011,NULL
20110103,Jam 1/2 kg,03-01-2011,NULL
20110103,Jam 200 gm,03-01-2011,NULL
20110103,Jam 100 gm,03-01-2011,NULL
20110103,Fanda,03-01-2011,NULL
20110103,Chocolates Drink box,03-01-2011,NULL
20110103,Kakadi,03-01-2011,NULL
20110103,Corriander Leave,03-01-2011,NULL
20110103,Curry leave,03-01-2011,NULL
20110103,Dhantu greens,03-01-2011,NULL
20110103,Ginger ooty,03-01-2011,NULL
20110103,Pomegranate,03-01-2011,NULL
20110103,Pomegranate Bhagav,03-01-2011,NULL
20110103,Pomegranate A.raktha,03-01-2011,NULL
20110103,Pomegranate Ganesh,03-01-2011,NULL
20110103,Papaya nati,03-01-2011,NULL
20110103,Papaya Taiwan,03-01-2011,NULL
20110103,Papaya Red lady,03-01-2011,NULL
20110103,Papaya sola,03-01-2011,NULL
20110103,Pineapple,03-01-2011,NULL
20110103,Plum Ooty,03-01-2011,NULL
20110103,Plum Australia,03-01-2011,NULL
20110103,Peaches,03-01-2011,NULL
20110103,Pomello/Chakotha,03-01-2011,NULL
20110103,Rose apple,03-01-2011,NULL
20110103,Rampal,03-01-2011,NULL
20110103,Tamarind sweet 500gm,03-01-2011,NULL
20110103,Watermellon,03-01-2011,NULL
20110103,Watermellon kiran,03-01-2011,NULL
20110103,S.mellon namdhari,03-01-2011,NULL
20110103,Mosambi,03-01-2011,NULL
20110103,Sweet corn,03-01-2011,NULL
20110103,Sweet corn cleaned,03-01-2011,NULL
20110103,Sweet corn seeds spok,03-01-2011,NULL
20110103,Batani kalu,03-01-2011,NULL
20110103,BaleDindu (Banana stem),03-01-2011,NULL
20110103,Basale Greens,03-01-2011,NULL
20110103,Letteus Greens,03-01-2011,NULL
20110103,Onion flowers,03-01-2011,NULL
20110103,Chain Berry,03-01-2011,NULL
20110103,Y.Bananan T.N.,03-01-2011,NULL
20110103,Maize,03-01-2011,NULL
20110103,Byladha Hannu,03-01-2011,NULL
20110103,Net rich 5 lt oil,03-01-2011,NULL
20110103,Mineral water 1 lt,03-01-2011,NULL
20110103,Chikkadikai Round,03-01-2011,NULL
20110103,Indian kinora apple,03-01-2011,NULL
20110103,South Africa Gala apple,03-01-2011,NULL
20110103,Selari,03-01-2011,NULL
20110103,Leeks,03-01-2011,NULL
20110103,Parsley,03-01-2011,NULL
20110103,Litchi Juice,03-01-2011,NULL
20110103,Apple juice,03-01-2011,NULL
20110103,G. nut oil Rice 1 lt,03-01-2011,NULL
20110103,G. nut oil safal deep1 lt,03-01-2011,NULL
20110103,G. nut Golden oil 1 lt,03-01-2011,NULL
20110103,G. nut sungold 1 lt,03-01-2011,NULL
20110103,Rice Bran 15 lt Tin,03-01-2011,NULL
20110103,Pickles,03-01-2011,NULL
20110103,Lime Pickles,03-01-2011,NULL
20110103,mango Pickles,03-01-2011,NULL
20110103,Pickles mixed veg,03-01-2011,NULL
20110103,Avarebele (F. Beans spok),03-01-2011,NULL
20110103,Avare seed (FB seeds),03-01-2011,NULL
20110103,Brucoli,03-01-2011,NULL
20110103,Mushroom Oyster,03-01-2011,NULL
20110103,Onion medium,03-01-2011,NULL
20110103,Onion Big,03-01-2011,NULL
20110103,Jack fruit,03-01-2011,NULL
20110103,Indian Black globe Grapes,03-01-2011,NULL
20110103,Papaya red indian,03-01-2011,NULL
20110103,Mango,03-01-2011,NULL
20110103,Mango Badami,03-01-2011,NULL
20110103,Mango Alphans,03-01-2011,NULL
20110103,Onion small(Economy),03-01-2011,NULL
20110103,Mango Raspuri,03-01-2011,NULL
20110103,Onion samber,03-01-2011,NULL
20110103,Peas local,03-01-2011,NULL
20110103,Peas Delhi,03-01-2011,NULL
20110103,Berry fruit Ooty,03-01-2011,NULL
20110103,Berry Soft,03-01-2011,NULL
20110103,Berry Delhi,03-01-2011,NULL
20110103,Ber fruit/Bore fruit,03-01-2011,NULL
20110103,Cherry fruit,03-01-2011,NULL
20110103,Cherry kashmir,03-01-2011,NULL
20110103,Cashew nut,03-01-2011,NULL
20110103,Dates,03-01-2011,NULL
20110103,Dry dates,03-01-2011,NULL
20110103,Dates seedless,03-01-2011,NULL
20110103,Dry apricot,03-01-2011,NULL
20110103,Badami,03-01-2011,NULL
20110103,Dry fruit mixed,03-01-2011,NULL
20110103,Jambo fruit(Nerale),03-01-2011,NULL
20110103,Bottle Gourd,03-01-2011,NULL
20110103,Chow-Chow,03-01-2011,NULL
20110103,Cucumber,03-01-2011,NULL
20110103,Cucumber Nati,03-01-2011,NULL
20110103,Cucumber Israle,03-01-2011,NULL
20110103,Cucumber Ooty,03-01-2011,NULL
20110103,Mangalore cucumber,03-01-2011,NULL
20110103,Cluster Bean Local,03-01-2011,NULL
20110103,Capsicum,03-01-2011,NULL
20110103,Mango Sendura,03-01-2011,NULL
20110103,Mango Bygan palli,03-01-2011,NULL
20110103,Mango malagova,03-01-2011,NULL
20110103,Mango mallika,03-01-2011,NULL
20110103,Mango thotapuri,03-01-2011,NULL
20110103,Mango kalapadu,03-01-2011,NULL
20110103,Mango Neelam,03-01-2011,NULL
20110103,Mango Dasheri,03-01-2011,NULL
20110103,Mango Langada,03-01-2011,NULL
20110103,Mango Kesar,03-01-2011,NULL
20110103,Mango Amarpalli,03-01-2011,NULL
20110103,Mango rathnagiri(red),03-01-2011,NULL
20110103,Mango Alphans box,03-01-2011,NULL
20110103,Mango sakkaregutti,03-01-2011,NULL
20110103,Orange,03-01-2011,NULL
20110103,Orange Nagpura,03-01-2011,NULL
20110103,Orange Ooty,03-01-2011,NULL
20110103,Orange Australia,03-01-2011,NULL
20110103,Tomoto,03-01-2011,NULL
20110103,Thogari kai,03-01-2011,NULL
20110103,Mango Raw Amblet,03-01-2011,NULL
20110103,Mango Raw,03-01-2011,NULL
20110103,Capsicum 1,03-01-2011,NULL
20110103,Capsicum Red/Yellow,03-01-2011,NULL
20110103,Chillies Green,03-01-2011,NULL
20110103,Chillies Bajji,03-01-2011,NULL
20110103,Chillies Cleaned,03-01-2011,NULL
20110103,Chillies small (C.B.P),03-01-2011,NULL
20110103,Carrot ooty,03-01-2011,NULL
20110103,Carrot Delhi,03-01-2011,NULL
20110103,Carrot Nati,03-01-2011,NULL
20110103,Cowpea Local,03-01-2011,NULL
20110103,Cowpea Long,03-01-2011,NULL
20110103,Coconut (B),03-01-2011,NULL
20110103,Coconut (M),03-01-2011,NULL
20110103,Coconut (S),03-01-2011,NULL
20110103,Coconut (OS),03-01-2011,NULL
20110103,Cabbage,03-01-2011,NULL
20110103,Cabbage Red,03-01-2011,NULL
20110103,Cabbage chaina,03-01-2011,NULL
20110103,Cauliflower(B),03-01-2011,NULL
20110103,Copra,03-01-2011,NULL
20110103,Honney 1/2,03-01-2011,NULL
20110103,Honney 1 Kg,03-01-2011,NULL
20110103,Honney 200 gm,03-01-2011,NULL
20110103,Honney 100 gm,03-01-2011,NULL
20110103,Gulkan 1 kg,03-01-2011,NULL
20110103,Gulkan 1/2 kg,03-01-2011,NULL
20110103,Gulkan 1/4 kg,03-01-2011,NULL
20110103,Cluster Beans Bunches,03-01-2011,NULL
20110103,Cucumber white,03-01-2011,NULL
20110103,Kashini (Ganike) Greens,03-01-2011,NULL
20110103,Sweet corn seeds,03-01-2011,NULL
20110103,Bale hoovu(B.flower),03-01-2011,NULL
20110103,Jukani,03-01-2011,NULL
20110103,Banana cooking R.Banana,03-01-2011,NULL
20110103,Avarekai (Field Beans ),03-01-2011,NULL
20110103,Grapes T.S.,03-01-2011,NULL
20110103,Herali kai,03-01-2011,NULL
20110103,Ladys finger,03-01-2011,NULL
20110103,Little gourd,03-01-2011,NULL
20110103,Lime Local,03-01-2011,NULL
20110103,Grapes Red globe,03-01-2011,NULL
20110103,Grapes Dry 250gm,03-01-2011,NULL
20110103,Grapes Dry 100gm,03-01-2011,NULL
20110103,Lime Bijapur,03-01-2011,NULL
20110103,Mushroom Button,03-01-2011,NULL
20110103,Mushroom Milky,03-01-2011,NULL
20110103,Cauliflower(M),03-01-2011,NULL
20110103,Cauliflower(S),03-01-2011,NULL
20110103,Cauliflower per Kg,03-01-2011,NULL
20110103,Cherry Tomoto,03-01-2011,NULL
20110103,Drumstik,03-01-2011,NULL
20110103,Double Beans seeds,03-01-2011,NULL
20110103,Double Beans,03-01-2011,NULL
20110103,Ground nut Local,03-01-2011,NULL
20110103,Ground nut Hybrid,03-01-2011,NULL
20110103,Ginger,03-01-2011,NULL
20110103,Ginger New,03-01-2011,NULL
20110103,Garlic,03-01-2011,NULL
20110103,Garlic cleaned,03-01-2011,NULL
20110103,Chikadi kai,03-01-2011,NULL
20110103,knol-khol,03-01-2011,NULL
20110103,Arive greens,03-01-2011,NULL
20110103,Eggs,03-01-2011,NULL
20110103,Chakota greens,03-01-2011,NULL
20110103,Onion pack,03-01-2011,NULL
20110103,Potato pack,03-01-2011,NULL
20110103,Chilakarive green,03-01-2011,NULL
20110103,Chillies Bajji yagani,03-01-2011,NULL
20110103,Baby corn,03-01-2011,NULL
20110103,Baby corn cleaned,03-01-2011,NULL
20110103,Berry Southafrica,03-01-2011,NULL
20110103,Berry Golden,03-01-2011,NULL
20110103,Berry ball,03-01-2011,NULL
20110103,Berry Green,03-01-2011,NULL
20110103,Apple Premium,03-01-2011,NULL
20110103,Malenian apple,03-01-2011,NULL
20110103,Nagapur Orange Economy,03-01-2011,NULL
20110103,South Af.red berry,03-01-2011,NULL
20110103,Jumbu juice,03-01-2011,NULL
20110103,Brahmi amla juice,03-01-2011,NULL
20110103,Pomegranate Juice,03-01-2011,NULL
20110103,N.Juice 200 ml,03-01-2011,NULL
20110103,Amla,03-01-2011,NULL
20110103,Beans,03-01-2011,NULL
20110103,Beans Nati,03-01-2011,NULL
20110103,Beans Ring,03-01-2011,NULL
20110103,Beans Fruit,03-01-2011,NULL
20110103,Beans cleaned,03-01-2011,NULL
20110103,Brinjal long,03-01-2011,NULL
20110103,Brinjal (W),03-01-2011,NULL
20110103,Brinjal (R),03-01-2011,NULL
20110103,Brinjal Bottle,03-01-2011,NULL
20110103,Brinjal Mlore,03-01-2011,NULL
20110103,Beet Root,03-01-2011,NULL
20110103,Yam/S.Root,03-01-2011,NULL
20110103,Bitter Gourd,03-01-2011,NULL
20110103,Mint Leaves,03-01-2011,NULL
20110103,Menthya Greens,03-01-2011,NULL
20110103,Palak Greens,03-01-2011,NULL
20110103,Apple Delicious,03-01-2011,NULL
20110103,Apple Simla,03-01-2011,NULL
20110103,Apple Economy,03-01-2011,NULL
20110103,Apple Washington,03-01-2011,NULL
20110103,Apple Australia,03-01-2011,NULL
20110103,Apple Newzeland,03-01-2011,NULL
20110103,Apple Fuji chaina,03-01-2011,NULL
20110103,Apple hazarath palli,03-01-2011,NULL
20110103,Apple Green smith,03-01-2011,NULL
20110103,Apple Golden delicious,03-01-2011,NULL
20110103,Banana pachabale,03-01-2011,NULL
20110103,Banana Yellaki,03-01-2011,NULL
20110103,Banana chandra,03-01-2011,NULL
20110103,Banana Nendra,03-01-2011,NULL
20110103,Banana karpura,03-01-2011,NULL
20110103,Banana Rasabale,03-01-2011,NULL
20110103,Chicco(Sapota) rapined,03-01-2011,NULL
20110103,Custerd Apple,03-01-2011,NULL
20110103,Chicco(Sapota),03-01-2011,NULL
20110103,Guava,03-01-2011,NULL
20110103,Guava Allahabad(Red),03-01-2011,NULL
20110103,Grapes Blore blue,03-01-2011,NULL
20110103,Orange malt,03-01-2011,NULL
20110103,Orange South Africa,03-01-2011,NULL
20110103,Peas Dharwad,03-01-2011,NULL
20110103,Peas Ooty,03-01-2011,NULL
20110103,Pumpkin Ash,03-01-2011,NULL
20110103,Pumpkin Red,03-01-2011,NULL
20110103,Pumpkin Japan,03-01-2011,NULL
20110103,Potato(M),03-01-2011,NULL
20110103,Potato(B),03-01-2011,NULL
20110103,Potato(S),03-01-2011,NULL
20110103,Potato Baby,03-01-2011,NULL
20110103,Sweet Potato(Genasu),03-01-2011,NULL
20110103,Raddish,03-01-2011,NULL
20110103,Raddish Red,03-01-2011,NULL
20110103,Sponge Gourd,03-01-2011,NULL
20110103,Snake Gourd,03-01-2011,NULL
20110103,Snake Gourd(S),03-01-2011,NULL
20110103,Sham gadde,03-01-2011,NULL
20110103,Spring Onion,03-01-2011,NULL
20110103,Spring Onion(Cleaned),03-01-2011,NULL
20110103,Parvala,03-01-2011,NULL
20110103,Greens Sabbakki,03-01-2011,NULL
20110103,Molake kalu,03-01-2011,NULL
20110103,Hesaru kalu,03-01-2011,NULL
20110103,GrapesAnabi shahi,03-01-2011,NULL
20110103,Grapes Dilkush,03-01-2011,NULL
20110103,Grapes Sharad,03-01-2011,NULL
20110103,Grapes Rose,03-01-2011,NULL
20110103,Grapes Sonika,03-01-2011,NULL
20110103,Grapes Flame,03-01-2011,NULL
20110103,Grapes Krishna sharad,03-01-2011,NULL
20110103,Grapes Crimson,03-01-2011,NULL
20110103,Komark fruit,03-01-2011,NULL
20110103,Kiwi fruit,03-01-2011,NULL
20110103,Litchi Local,03-01-2011,NULL
20110103,Litchi Taiwan/chaina,03-01-2011,NULL
20110103,Straw Berry,03-01-2011,NULL
20110103,Tender Coconut,03-01-2011,NULL
20110103,Tender Coconut(M),03-01-2011,NULL
20110103,Tamrind Chatisghar,03-01-2011,NULL
20110103,Tamarind seedless,03-01-2011,NULL
20110103,Thinda,03-01-2011,NULL
20110103,Dates Arebian,03-01-2011,NULL
20110103,Pista,03-01-2011,NULL
20110103,Tender Coconut(S),03-01-2011,NULL
20110103,Tender Coco packed,03-01-2011,NULL
20110103,Fruit Juice Tailand,03-01-2011,NULL
20110103,G.oil Net rich 500 ml,03-01-2011,NULL
20110103,Ground nut oil 1 lt,03-01-2011,NULL
20110103,G.nut oil Premium1 lt,03-01-2011,NULL
20110103,G.nut oil Rice Bron 1 lt,03-01-2011,NULL
20110104,Chocolates Drink box,04-01-2011,NULL
20110104,Fanda,04-01-2011,NULL
20110104,Jam 100 gm,04-01-2011,NULL
20110104,Jam 200 gm,04-01-2011,NULL
20110104,Jam 1/2 kg,04-01-2011,NULL
20110104,Jam 1 kg,04-01-2011,NULL
20110104,Coconut oil 500 ml,04-01-2011,NULL
20110104,Stevia powder,04-01-2011,NULL
20110104,Pepper,04-01-2011,NULL
20110104,Sungold oil 5 lt packet,04-01-2011,NULL
20110104,Sun safal Tin 15 lt,04-01-2011,NULL
20110104,Tamarind Paste 450 gm,04-01-2011,NULL
20110104,Safal deep 500 ml,04-01-2011,NULL
20110104,Ground nut oil 5 lt,04-01-2011,NULL
20110104,Sungold oil 5 lt,04-01-2011,NULL
20110104,Rice Bran 5 lt,04-01-2011,NULL
20110104,Tamarind Paste 150 gm,04-01-2011,NULL
20110104,Washington red apple,04-01-2011,NULL
20110104,Indian red globe,04-01-2011,NULL
20110104,Apple Chilli,04-01-2011,NULL
20110104,Bread fruit,04-01-2011,NULL
20110104,Peas seeds,04-01-2011,NULL
20110104,Anjura/Fig,04-01-2011,NULL
20110104,Butter fruit,04-01-2011,NULL
20110104,Bore fruit,04-01-2011,NULL
20110104,S.mellon Local (Luck),04-01-2011,NULL
20110104,S.mellon namdhari (Red),04-01-2011,NULL
20110104,Mosambi polo,04-01-2011,NULL
20110104,Rumenia Mango,04-01-2011,NULL
20110104,Apple Chaina Delicious,04-01-2011,NULL
20110104,,04-01-2011,NULL
20110104,,04-01-2011,NULL
20110104,,04-01-2011,NULL
20110104,Chilles small cleaned (C.B.P),04-01-2011,NULL
20110104,Washington gala apple,04-01-2011,NULL
20110104,Times Rose berry,04-01-2011,NULL
20110104,Grapesh Tash ganesh,04-01-2011,NULL
20110104,Chikkadikai cleaned,04-01-2011,NULL
20110104,Orange juice,04-01-2011,NULL
20110104,Thiland Jelly,04-01-2011,NULL
20110104,Thiland Juice,04-01-2011,NULL
20110104,Pineapple juice,04-01-2011,NULL
20110104,Kashini greens,04-01-2011,NULL
20110104,Mosambi,04-01-2011,NULL
20110104,S.mellon namdhari,04-01-2011,NULL
20110104,Watermellon kiran,04-01-2011,NULL
20110104,Watermellon,04-01-2011,NULL
20110104,Tamarind sweet 500gm,04-01-2011,NULL
20110104,Rampal,04-01-2011,NULL
20110104,Rose apple,04-01-2011,NULL
20110104,Pomello/Chakotha,04-01-2011,NULL
20110104,Peaches,04-01-2011,NULL
20110104,Plum Australia,04-01-2011,NULL
20110104,Plum Ooty,04-01-2011,NULL
20110104,Pineapple,04-01-2011,NULL
20110104,Papaya sola,04-01-2011,NULL
20110104,Papaya Red lady,04-01-2011,NULL
20110104,Papaya Taiwan,04-01-2011,NULL
20110104,Papaya nati,04-01-2011,NULL
20110104,Pomegranate Ganesh,04-01-2011,NULL
20150810,Dry dates,10-08-2015,110
20150810,Dates,10-08-2015,0
20150810,Cashew nut,10-08-2015,0
20150810,Cherry kashmir,10-08-2015,372
20150810,Parvala,10-08-2015,60
20150810,Palak Greens,10-08-2015,28
20150810,Menthya Greens,10-08-2015,39
20150810,Apple Chaina Delicious,10-08-2015,NULL
20150810,Ginger,10-08-2015,98
20150810,Ground nut Hybrid,10-08-2015,0
20150810,Carrot Nati,10-08-2015,37
20150810,Carrot Delhi,10-08-2015,0
20150810,Carrot ooty,10-08-2015,50
20150810,Maize,10-08-2015,0
20150810,Y.Bananan T.N.,10-08-2015,164
20150810,Chain Berry,10-08-2015,0
20150810,Garlic cleaned,10-08-2015,160
20150810,Garlic,10-08-2015,124
20150810,Kashini greens,10-08-2015,0
20150810,Dates Arebian,10-08-2015,0
20150810,Pista,10-08-2015,NULL
20150810,Thinda,10-08-2015,60
20150810,Mango sakkaregutti,10-08-2015,60
20150810,Mango Alphans box,10-08-2015,0
20150810,Mango rathnagiri(red),10-08-2015,0
20150810,Sham gadde,10-08-2015,49
20150810,Grapes Krishna sharad,10-08-2015,0
20150810,Grapes Flame,10-08-2015,0
20150811,Spring Onion,11-08-2015,60
20150811,Spring Onion(Cleaned),11-08-2015,67
20150811,Sweet corn,11-08-2015,34
20150811,Orange,11-08-2015,109
20150811,Orange Nagpura,11-08-2015,0
20150811,Orange Ooty,11-08-2015,0
20150811,Orange Australia,11-08-2015,135
20150811,Tender Coconut(S),11-08-2015,20
20150811,Tender Coco packed,11-08-2015,0
20150811,Fruit Juice Tailand,11-08-2015,NULL
20150811,Chikadi kai,11-08-2015,43
20150811,knol-khol,11-08-2015,28
20150811,Arive greens,11-08-2015,28
20150811,Byladha Hannu,11-08-2015,30
20150811,Net rich 5 lt oil,11-08-2015,NULL
20150811,Mineral water 1 lt,11-08-2015,NULL
20150811,Chikkadikai Round,11-08-2015,40
20150811,Cowpea Long,11-08-2015,34
20150811,Cowpea Local,11-08-2015,0
20150811,Coconut (M),11-08-2015,22
20150811,Coconut (B),11-08-2015,25
20150811,Ginger New,11-08-2015,48
20150811,Drumstik,11-08-2015,30
20150811,Ginger ooty,11-08-2015,0
20150811,Double Beans seeds,11-08-2015,240
20150811,Double Beans,11-08-2015,80
20150811,Ground nut Local,11-08-2015,60
20150811,Corriander Leave,11-08-2015,32
20150811,Curry leave,11-08-2015,44
20150811,Dhantu greens,11-08-2015,28
20150811,Mint Leaves,11-08-2015,26
20150811,Berry Delhi,11-08-2015,0
20150811,Ber fruit/Bore fruit,11-08-2015,0
20150811,Cherry fruit,11-08-2015,0
20150811,Times Rose berry,11-08-2015,265
20150811,Washington gala apple,11-08-2015,225
20150811,Chilles small cleaned (C.B.P),11-08-2015,52
20150811,Peas Dharwad,11-08-2015,0
20110104,Jambo fruit(Nerale),04-01-2011,NULL
20110104,Dry fruit mixed,04-01-2011,NULL
20110104,Badami,04-01-2011,NULL
20110104,Dry apricot,04-01-2011,NULL
20110104,Dates seedless,04-01-2011,NULL
20110104,Dry dates,04-01-2011,NULL
20110104,Dates,04-01-2011,NULL
20110104,Cashew nut,04-01-2011,NULL
20110104,Cherry kashmir,04-01-2011,NULL
20110104,Cherry fruit,04-01-2011,NULL
20110104,Ber fruit/Bore fruit,04-01-2011,NULL
20110104,Berry Delhi,04-01-2011,NULL
20110104,Berry Soft,04-01-2011,NULL
20110104,Berry fruit Ooty,04-01-2011,NULL
20110104,Peas Delhi,04-01-2011,NULL
20110104,Peas local,04-01-2011,NULL
20110104,Onion samber,04-01-2011,NULL
20110104,Mango Raspuri,04-01-2011,NULL
20110104,Onion small(Economy),04-01-2011,NULL
20110104,Mango Alphans,04-01-2011,NULL
20110104,Mango Badami,04-01-2011,NULL
20110104,Mango,04-01-2011,NULL
20110104,Papaya red indian,04-01-2011,NULL
20110104,Indian Black globe Grapes,04-01-2011,NULL
20110104,Jack fruit,04-01-2011,NULL
20110104,Onion Big,04-01-2011,NULL
20110104,Onion medium,04-01-2011,NULL
20110104,Mushroom Oyster,04-01-2011,NULL
20110104,Brucoli,04-01-2011,NULL
20110104,Avare seed (FB seeds),04-01-2011,NULL
20110104,Avarebele (F. Beans spok),04-01-2011,NULL
20150810,Dry dates,10-08-2015,110
20150810,Dates,10-08-2015,0
20150810,Cashew nut,10-08-2015,0
20150810,Cherry kashmir,10-08-2015,372
20150810,Parvala,10-08-2015,60
20150810,Palak Greens,10-08-2015,28
20150810,Menthya Greens,10-08-2015,39
20150810,Apple Chaina Delicious,10-08-2015,NULL
20150810,Ginger,10-08-2015,98
20150810,Ground nut Hybrid,10-08-2015,0
20150810,Carrot Nati,10-08-2015,37
20150810,Carrot Delhi,10-08-2015,0
20150810,Carrot ooty,10-08-2015,50
20150810,Maize,10-08-2015,0
20150810,Y.Bananan T.N.,10-08-2015,164
20150810,Chain Berry,10-08-2015,0
20150810,Garlic cleaned,10-08-2015,160
20150810,Garlic,10-08-2015,124
20150810,Kashini greens,10-08-2015,0
20150810,Dates Arebian,10-08-2015,0
20150810,Pista,10-08-2015,NULL
20150810,Thinda,10-08-2015,60
20150810,Mango sakkaregutti,10-08-2015,60
20150810,Mango Alphans box,10-08-2015,0
20150810,Mango rathnagiri(red),10-08-2015,0
20150810,Sham gadde,10-08-2015,49
20150810,Grapes Krishna sharad,10-08-2015,0
20150810,Grapes Flame,10-08-2015,0
20150811,Spring Onion,11-08-2015,60
20150811,Spring Onion(Cleaned),11-08-2015,67
20150811,Sweet corn,11-08-2015,34
20150811,Orange,11-08-2015,109
20150811,Orange Nagpura,11-08-2015,0
20150811,Orange Ooty,11-08-2015,0
20150811,Orange Australia,11-08-2015,135
20150811,Tender Coconut(S),11-08-2015,20
20150811,Tender Coco packed,11-08-2015,0
20150811,Fruit Juice Tailand,11-08-2015,NULL
20150811,Chikadi kai,11-08-2015,43
20150811,knol-khol,11-08-2015,28
20150811,Arive greens,11-08-2015,28
20150811,Byladha Hannu,11-08-2015,30
20150811,Net rich 5 lt oil,11-08-2015,NULL
20150811,Mineral water 1 lt,11-08-2015,NULL
20150811,Chikkadikai Round,11-08-2015,40
20150811,Cowpea Long,11-08-2015,34
20150811,Cowpea Local,11-08-2015,0
20150811,Coconut (M),11-08-2015,22
20150811,Coconut (B),11-08-2015,25
20150811,Ginger New,11-08-2015,48
20150811,Drumstik,11-08-2015,30
20150811,Ginger ooty,11-08-2015,0
20150811,Double Beans seeds,11-08-2015,240
20150811,Double Beans,11-08-2015,80
20150811,Ground nut Local,11-08-2015,60
20150811,Corriander Leave,11-08-2015,32
20150811,Curry leave,11-08-2015,44
20150811,Dhantu greens,11-08-2015,28
20150811,Mint Leaves,11-08-2015,26
20150811,Berry Delhi,11-08-2015,0
20150811,Ber fruit/Bore fruit,11-08-2015,0
20150811,Cherry fruit,11-08-2015,0
20150811,Times Rose berry,11-08-2015,265
20150811,Washington gala apple,11-08-2015,225
20150811,Chilles small cleaned (C.B.P),11-08-2015,52
20150811,Peas Dharwad,11-08-2015,0
